Category,Message
ham,ranjith cal drpd deeraj deepak 5min hold
ham,uworld site buying qbank buying self assessment also
spam,important customer service announcement premier
ham,sorry ill call later
ham,he apparently bffs carly quick
spam,join uk horniest dogging service u sex 2nite sign follow instruction txt entry 69888 nytec2a3lpmsg@150p
ham,remember
spam,xmas & new year eve ticket sale club day 10am till 8pm thurs fri & sat night week theyre selling fast
ham,im leaving house
ham,stupidits possible
ham,dizzamn aight ill ask suitemates get back
ham,sorry ill call later
ham,howz painhope u r fine
spam,unsubscribed service get ton sexy babe hunk straight phone go httpgotbabescouk subscription
ham,u make fb list
ham,8 latest g still scrounge ammo want give new ak try
ham,yeah whatever lol
ham,sir waiting call
ham,entered cabin pa said happy bday bos felt special askd 4 lunch lunch invited apartment went
ham,might accidant tookplace somewhere ghodbandar rd traffic move slovely plz slip &amp dont worry
ham,oh really make air whats talent
spam,urgent please call 09061743810 landline abta complimentary 4* tenerife holiday #5000 cash await collection sae t&cs box 326 cw25wx 150 ppm
ham,also tell said happy birthday
ham,hungry buy food good lei mum n yun dun wan juz buy little bit
ham,abeg make profit start using get sponsor next event
ham,hmm shall bring bottle wine keep u amused joking ill still bring bottle red white see tomorrow
ham,boy loved gal propsd bt didnt mind gv lv lttrs bt frnds threw thm boy decided 2 aproach gal dt time truck speeding towards gal wn 2 hit girld boy ran like hell n saved asked hw cn u run fast boy replied boost secret energy n instantly girl shouted energy n thy lived happily 2gthr drinking boost evrydy moral story- hv free msgsd) gud ni8
spam,mobile 11mths update free orange latest colour camera mobile & unlimited weekend call call mobile upd8 freefone 08000839402 2stoptxt
ham,ditto wont worry saying anything anymore like said last night whatever want ill peace
spam,**free message**thanks using auction subscription service 18 150pmsgrcvd 2 skip auction txt 2 unsubscribe txt stop customercare 08718726270
ham,good evening
ham,happened adventuring
spam,1000 winner guaranteed caller prize final attempt contact claim call 09071517866 150ppmpobox10183bhamb64xe
ham,thats alrite girl u know gail neva wrongtake care sweet dont worryc u l8tr hunlove yaxxx
ham,going dinnermsg
ham,frndship like needle clock though v r clock v r nt able 2 met evn v meetitz 4few second bt v alwys stay conected gud 9t-)
ham,finished work yet something
ham,tell dear happen talking like alian
ham,whats ur pin
ham,thats significant dont worry
ham,height confidence aeronautics professor wer calld &amp wer askd 2 sit aeroplane aftr sat wer told dat plane w made student dey hurried plane bt 1 didnt move saidif made studentsthis wont even start datz confidence
ham,time thinkin goin
ham,doinghow
ham,jus reached home go bathe first si using net tell u finish k
ham,best msg hard person u know one step foward make u fall love &amp one step back ruin ur friendship good night-)
ham,jus finish bathing
ham,tessypls favor pls convey birthday wish nimyapls dnt forget today birthday shijas
ham,house-maid murderer coz man murdered &lt#&gt th january public holiday govtinstituitions closedincluding post office
ham,call meet
ham,problem renewal ill right away dont know detail
ham,otherwise part time job na-tuition
ham,telling tell one treat hi hi hi
ham,u know watchin lido
ham,solve case man found murdered &ltdecimal&gt &lt#&gt afternoon 1his wife called police 2police questioned everyone 3wife siri sleeping murder took place 4cook cooking 5gardener picking vegetable 6house-maid went 2 post office 7children went 2 play 8neighbour went 2 marriage police arrested murderer immediately who reply reason u r brilliant
ham,get chicken broth want ramen unless there dont know
ham,u still plumber tape wrench could borrow
ham,apo mokka player
ham,schedule next week town weekend
ham,time ur flight tmr
ham,thk 530 lor dunno get ticket wat u
ham,party alex nichols
ham,speaking cash yet
ham,yesmum lookin strong)
ham,nimbomsons yep phone know one obviously co thats real word
ham,im leaving house
ham,liked new mobile
ham,im e person who e sm survey
ham,leaving qatar tonite search opportunityall went fastpls add ur prayer dearrakhesh
ham,come
ham,waking 4 afternoon sup
ham,one best dialogue cute reltnship wen die dont come near body bcoz hand may come 2 wipe ur tear timegud ni8
ham,gobi art college
ham,lmao ok wont needing u hair anymore
ham,yeah thats fine 6 get ok
ham,oh ho first time u use type word
ham,ur lecture
ham,finally came fix ceiling
ham,much bad avoid like
ham,per request melle melle (oru minnaminunginte nurungu vettam) set callertune caller press *9 copy friend callertune
ham,r stayin extra week back next wed rugby weekend hi c u soon
ham,aiyar u poor thing give u support k jia ill think u
ham,sometimes put wall around heartsnot safe getting hurt find care enough break wall &amp get closer goodnoon)
ham,im working technical support )voice process
ham,2marrow wed &lt#&gt 2 aha
spam,want latest video handset 750 anytime network min half price line rental reply call 08000930705 delivery tomorrow
ham,im eatin lor goin back work soon e mountain deer show huh watch b4 liao nice
ham,money 4 steve mate
ham,nah straight bring bud drink something thats actually little useful straight cash
ham,sorry pa dont knw ru pa
ham,hi mobile &lt#&gt added contact list wwwfullonsmscom great place send free sm people visit fullonsmscom
ham,say bold torch later one torch 2bold
ham,pls accept one day begging change number
ham,kate jackson rec center 7ish right
ham,sac need carry on)
ham,thats honeymoon outfit )
spam,link picture sent also use httpalto18coukwavewaveaspo44345
ham,dont file bagi work called mei tell find anything room
ham,yeah gang ready
ham,xy ur car u picking
spam,ur hmv quiz cash-balance currently 500 - maximize ur cash-in send hmv1 86688 150pmsg
ham,sweet heart
ham,hi )finally completed course)
ham,okok okthenwhats ur today plan
ham,ok r meeting later
ham,rightio 1148 well arent bright early morning
ham,better made friday stuffed like pig yesterday feel bleh least writhing pain kind bleh
ham,thats shame maybe cld meet hr tomo
ham,come slave going shell unconsciously avoiding making unhappy -(
ham,im hungry buy smth home
ham,smile pleasure smile pain smile trouble pours like rain smile sum1 hurt u smile becoz someone still love see u smiling
ham,nope watching tv home going v bored
ham,sorry ill call later
ham,thanx 4 time weve spent 2geva bin mint ur baby want uxxxx
spam,u r winner u ave specially selected 2 receive 1000 cash 4* holiday (flights inc) speak live operator 2 claim 0871277810710pmin (18 )
ham,buy one egg daplease)
ham,much buzy
ham,yo way could pick something tonight
ham,6 get ok
ham,honeybee said *im sweetest world* god laughed &amp said *waitu havnt met person reading msg* moral even god crack joke gmgngegn)
spam,free msg ringtonefrom httptms widelivecomindex wmlid1b6a5ecef91ff9*37819&firsttrue180430-jul-05
ham,u coming 2 pick
ham,aight text tonight well see whats
ham,nope think go monday sorry replied late
ham,nojst change tat
ham,jus finish blowing hair u finish dinner already
ham,sister belongs 2 family hope tomorrow pray 4 herwho fated 4 shoranur train incident let hold hand together &amp fuelled love &amp concern prior 2 grief &amp pain pls join dis chain &amp pas stop violence woman
ham,wifehow knew time murder exactly
spam,1st wk free gr8 tone str8 2 u wk txt nokia 8007 classic nokia tone hit 8007 polys nokia150p poly200p 16
ham,let ur heart ur compass ur mind ur map ur soul ur guide u never loose worldgnun - sent via way2smscom
ham,gimme &lt#&gt minute ago
spam,3 received mobile content enjoy
ham,hiya u paying money account thanks got pleasant surprise checked balance -u c dont get statement 4 acc
spam,private 2003 account statement show 800 un-redeemed point call 08715203694 identifier code 40533 expires 311004
ham,hank lotsly
ham,youve always brainy one
spam,bored housewife chat n date 08717507711 bt-national rate 10pmin landline
ham,love one law make happy person love way friendship one law never make ur friend feel alone alive gud night
ham,almost see u sec
ham,dear relieved westonzoyland going plan end
ham,like cheap im happy splash wine make feel better
ham,really quite funny lor wat u shd haf run shorter distance wat
ham,u got person story
ham,u sick still go shopping
ham,pls go ahead watt wanted sure great weekend abiola
ham,valentine game send dis msg ur friend 5 answer r someone really love u ques- colour suit bestrply
ham,town v important
ham,wheres boytoy miss happened
ham,im home please call
ham,didnt get anything da
ham,number vivek
ham,ofcourse also upload song
ham,hey babe u doin wot u 2 2nite love annie x
ham,k wait chikkuil send aftr &lt#&gt min
ham,awesome gonna soon later tonight
spam,free game get rayman golf 4 free o2 game arcade 1st get ur game setting reply post save & activ8 press 0 key arcade termsapply
spam,send logo 2 ur lover - 2 name joined heart txt love name1 name2 mobno eg love adam eve 07123456789 87077 yahoo pobox36504w45wq txtno 4 ad 150p
ham,hahahause brain dear
ham,gud mrng dear hav nice day
ham,r u still working
ham,screaming mean shouting
ham,go fool dont cheat others ok
spam,get brand new mobile phone agent mob plus load goody info text mat 87021
ham,wnevr wana fal luv vth book bed fals luv vth yen madodu nav pretsorginta nammanna pretsovru important alwa) gud eveb-)
ham,sitting ard nothing lor u leh busy w work
ham,easy ahsen got selected mean good
ham,gotta collect da car 6 lei
ham,ok would b lovely u r sure think wot u want drinkin dancin eatin cinema u wot
ham,pick rayan macleran
ham,den wat e schedule b lk sun
ham,sorry cant help
ham,hi harishs rent transfred ur acnt
ham,yes thats u texted pshewmissing much
ham,hey da cool iknow 2 wellda peril studentfinancial crisisspk 2 u l8r
ham,sorry brah finished last exam
ham,also ive sorta blown couple time recently id rather text blue looking weed
spam,call 09090900040 & listen extreme dirty live chat going office right total privacy one know sic listening 60p min 247mp 0870753331018
ham,eh den sat u book e kb liao huh
ham,dont knw pa drink milk
ham,ok come ur home half hour
ham,much buzy
ham,good afternoon sunshine dawn day refreshed happy alive breathe air smile think love always
ham,get ready put excellent sub face )
spam,74355 xmas iscoming & ur awarded either 500 cd gift voucher & free entry 2 r 100 weekly draw txt music 87066 tnc
ham,tmrw im finishing 9 door
spam,2p per min call germany 08448350055 bt line 2p per min check planettalkinstantcom info & t & c text stop opt
ham,dont respond imma assume youre still asleep imma start calling n shit
ham,yep like pink furniture tho
spam,ringtone club get uk single chart mobile week choose top quality ringtone message free charge
ham,doesnt need test
ham,know didt msg recently
ham,-) -)
ham,borrow ur bag ok
ham,u wake already thanx 4 e tau sar piah quite nice
ham,2 celebrate bday else
ham,great
ham,thanks honey still havent heard anything leave bit longer 2 crowd try later - great advice thanks hope cardiff still
spam,valued customer pleased advise following recent review mob awarded 1500 bonus prize call 09066364589
spam,freemsg hey - im buffy 25 love satisfy men home alone feeling randy reply 2 c pix qlynnbv help08700621170150p msg send stop stop txts
ham,know mood today
spam,2nd time tried 2 contact u u 750 pound prize 2 claim easy call 08712101358 10p per min bt-national-rate
ham,waiting machan call free
spam,urgent 4* costa del sol holiday 5000 await collection call 09050090044 toclaim sae tc pobox334 stockport sk38xh cost150pm max10mins
spam,free video camera phone half price line rental 12 mths 500 cross ntwk min 100 txts call mobileupd8 08001950382 call2optout674&
spam,nokia 7250i get win free auction take part send nokia 86021 hgsuite3422lands roww1jhl 16
spam,reply win 100 weekly professional sport tiger wood play send stop 87239 end service
ham,help u swoop picking u wherever ur bird r meeting u want
ham,otherwise part time job na-tuition
ham,yeah sure thing mate haunt got stuff sorted im going sound anyway promoting hex way dont know number joke
ham,say he quitting least5times day wudnt take much notice nah didnt mind gonna see want come taunton tonight u tell
ham,message great doctor india-) 1) drink appy fizz contains cancer causing age
ham,parent kidz friend n colleague screaming surprise waiting sofa naked
ham,sorry completely forgot * pop em round week still
spam,youve tkts euro2004 cup final 800 cash collect call 09058099801 b4190604 pobox 7876150ppm
ham,hope pee burn tonite
ham,yes one woman man please tell like dislike bed
ham,ceri u rebel sweet dreamz little buddy c ya 2moro need bloke
ham,planning come chennai
ham,science tell chocolate melt sunlight please dont walk sunlight bcozi dont want loss sweet friend
ham,u wake already wat u u picking u later rite im taking sq825 reaching ard 7 smth 8 like dat u check e arrival time c ya soon
ham,one week leave put know time
ham,ü takin linear algebra today
spam,congratulation ur awarded 500 cd voucher 125gift guaranteed & free entry 2 100 wkly draw txt music 87066
ham,xy going 4 e lunch
ham,life face choice toss coin becoz settle question coin air u know heart hoping gudni8
spam,1 polyphonic tone 4 ur mob every week txt pt2 87575 1st tone free get txtin tell ur friend 150ptone 16 reply hl 4info
ham,txting driving
spam,sim subscriber selected receive bonus get delivered door txt word ok 88600 claim 150pmsg exp 30apr
ham,anything special
ham,yeah ill leave couple minute &amp let know get mu
spam,missed call alert number called left message 07008009200
ham,xam hall boy asked girl tell starting term dis answer den manage lot hesitation n lookin around silently said intha ponnungale ipaditan)
ham,im also came room
ham,help propose going back tomorrow
ham,yup remb think book
ham,yup next stop
ham,think da wil
ham,found enc &lt#&gt
ham,get ready moan scream )
ham,pay &ltdecimal&gt lakhs)
ham,ho ho - big belly laugh see ya tomo
ham,use foreign stamp country
ham,thats cool liked photo sexy
spam,free ringtone waiting collected simply text password mix 85069 verify get usher britney fml po box 5249 mk17 92h 450ppw 16
ham,1 thing change sentence want 2 concentrate educational career im leaving
spam,5 free top polyphonic tone call 087018728737 national rate get toppoly tune sent every week text subpoly 81618 3 per pole unsub 08718727870
ham,make lasagna vodka
spam,currently message awaiting collection collect message call 08718723815
ham,dont pack buy storelike cereal must pack food pack gari something 9ja miss
ham,somewhere beneath pale moon light someone think u dream come true goodnite &amp sweet dream
spam,message important information o2 user today lucky day 2 find log onto httpwwwurawinnercom fantastic surprise awaiting
ham,dunno lei thk mum lazy go neva ask yet
ham,hanging brother family
ham,wow love sooo much know barely stand wonder day go well love think miss
ham,watching tv got new job )
ham,yup ive finished c ü
ham,aight pick open tonight
ham,suck ill go u hair youll free right
ham,wen ur lovable bcums angry wid u dnt take seriously coz angry childish n true way showing deep affection care n luv kettoda manda nice day da
ham,fine simply sitting
ham,take &lt#&gt min
ham,night night see tomorrow
ham,prepare pleasured )
ham,never blame day ur life good day give u happiness bad day give u experience essential life god blessing good morning
ham,finished class
spam,ur cash-balance currently 500 pound - maximize ur cash-in send go 86688 150pmsg cc 08718720201 po box 11414 tcrw1
ham,raviyog peripheral bhayandar east
spam,urgent mobile number awarded 2000 bonus caller prize call 09058095201 land line valid 12hrs
ham,ok ill tell company
ham,u hav frnd name ashwini ur college
ham,time month mid time
ham,good think could send pix would love see top bottom
ham,midnight earliest
ham,babe lost -(
ham,dont think turn like randomlly within 5min opening
ham,unfortunately ive found pick sister airport evening dont think ill going try go one th
ham,mum ask ü buy food home
ham,happened interview
ham,oh fuck sake shes like tallahassee
ham,convey regard
ham,want talk
ham,one day training-)
ham,-) ok feel like john lennon
ham,x course 2yrs message messenger lik r sending
spam,xmas prize draw trying contact u today draw show 2000 prize guaranteed call 09058094565 land line valid 12hrs
ham,yeah fact asked needed anything like hour ago much
ham,yo there class tmrw right
ham,place man
spam,bangbabes ur order way u receive service msg 2 download ur content u goto wap bangb tv ur mobile internetservice menu
ham,ay wana meet satü wkg sat
ham,slave want take 2 3 picture today bright light cell phone bright light
ham,yup thk cine better co need 2 go 2 plaza mah
ham,hey im bored im thinking u wat r u
ham,webpage available
ham,decided people care stuff vote caring stuff loser
ham,shit wasnt surprised went spent evening french guy met town fooled around bit didnt let fuck
ham,messageno responcewhat happend
spam,free2day sexy st george day pic jordantxt pic 89080 dont miss every wk saucy celeb4 pic c pocketbabecouk 0870241182716 3wk
ham,sort code acc bank natwest reply confirm ive sent right person
ham,dunno close oredi ü v fan
ham,see half hour
ham,hmm ok ill stay like hour co eye really sore
ham,ahhhhjust woken uphad bad dream u thoso dont like u right ) didnt know anything comedy night guess im
ham,hasnt pattern recently crap weekend
ham,guy
ham,coming friday leave pongaldo get news work place
ham,mobile numberpls sm ur mail idconvey regard achanammarakheshqatar
ham,k)you girl waiting reception ah
ham,hope great new semester wish best made greatness
ham,must sit around wait summer day celebrate magical sight world dressed white oooooh let snow
spam,refused loan secured unsecured cant get credit call free 0800 195 6669 text back help &
ham,solve case man found murdered &ltdecimal&gt &lt#&gt afternoon 1his wife called police 2police questioned everyone 3wife siri sleeping murder took place 4cook cooking 5gardener picking vegetable 6house-maid went 2 post office 7children went 2 play 8neighbour went 2 marriage police arrested murderer immediately who reply reason u r brilliant
ham,call say coming today ok tell fool like ok
ham,year many mile
ham,house-maid murderer coz man murdered &lt#&gt th january public holiday govtinstituitions closedincluding post officeunderstand
ham,wen get spiritual deep thats great
spam,hello orange 1 month free access game news sport plus 10 free text 20 photo message reply yes term apply wwworangecoukow
ham,u ned convince tht possible witot hurting feeling main
ham,hey tell blake address carlos wanted meet got lost he answering phone
ham,cant believe said many thing morning really wanted say good morning love beautiful morning see library later
ham,sir waiting letter
ham,lol knew saw dollar store
ham,hi im always online yahoo would like chat someday
ham,sure make sure know aint smokin yet
ham,mm umma ask vava also come tell play later together
ham,tell happen dont behave like ok need say
ham,get gift year didnt get anything bad
ham,got part nottingham - 3 hr 63miles good thing love man much 40mph hey ho
ham,okay thought expert
ham,yeah able ill text im ready meet
ham,jason say cool pick place like hour
ham,dis yijue jus saw ur mail case huiming havent sent u num dis num
ham,sign maturity start saying big thing actually start understanding small thing *have nice evening* bslvyl
spam,congratulation ur awarded 500 cd voucher 125gift guaranteed & free entry 2 100 wkly draw txt music 87066 tncs wwwldewcom1win150ppmx3age16
ham,released another italian one today cosign option
ham,dhoni luck win big titleso win)
ham,per request maangalyam (alaipayuthe) set callertune caller press *9 copy friend callertune
ham,hey iouri gave number im wylie ryans friend
ham,hope scared
spam,free2day sexy st george day pic jordantxt pic 89080 dont miss every wk saucy celeb4 pic c pocketbabecouk 0870241182716 3wk
ham,huh early ü dinner outside izzit
ham,remains bro amongst bros
ham,go walmart ill stay
ham,went fast asleep deartake care
ham,sure night menu know noon menu
ham,entered cabin pa said happy bday bos felt special askd 4 lunch lunch invited apartment went
spam,sunshine quiz win super sony dvd recorder canname capital australia text mquiz 82277 b
ham,mum ive sent many many message since got want know actually getting enjoy rest day
ham,photoshop make computer shut
ham,never blame day ur life good day give u happiness bad day give u experience essential life god blessing good morning
ham,aint answerin phone actually pretty reasonable hour im sleepy
ham,im home n ready
spam,ever thought living good life perfect partner txt back name age join mobile community (100psms)
ham,im reaching home 5 min
ham,gain right wifedont demand iti trying husband toolets see
ham,sorry flaked last night shit seriously goin roommate tonight
ham,u think girl propose u today seing ur bloody funky shit fucking faceasssssholeeee
spam,double min & double txt & 12 price linerental latest orange bluetooth mobile call mobileupd8 latest offer 08000839402 call2optoutlf56
spam,customer service annoncement new year delivery waiting please call 07046744435 arrange delivery
ham,awesome text youre restocked
ham,compliment away system side
ham,ok april cant wait
ham,oh got many responsibility
ham,attended nothing
ham,actually sleeping still might u call back text gr8 rock si send u text wen wake
ham,thanks picking trash
ham,well must pain catch
ham,fighting world easy u either win lose bt fightng some1 close u dificult u lose - u lose u win - u still lose
ham,hiya u like hlday pic looked horrible took mo hows camp amrca thing speak soon serena)
ham,make 3 4 fuck sake x
ham,yes dont care cause know
ham,yun ahnow ü wkg wherebtw ü go nu sc ü wana specialise wad
spam,chance reality fantasy show call 08707509020 20p per min ntt ltd po box 1327 croydon cr9 5wb 0870 national rate call
ham,number sir
ham,lol oh babe wont sliding place midnight thanks invite
ham,way make sure u get train worc foregate street shrub hill fun night x
ham,today accept dayu accept brother sister lover dear1 best1 clos1 lvblefrnd jstfrnd cutefrnd lifpartnr belovd swtheart bstfrnd rply mean enemy
ham,er mw im filled tuth aight
ham,ill pick 515pm go taunton still want come
ham,please charge mobile get morning
ham,ok every night take warm bath drink cup milk youll see work magic still need loose weight know
spam,kit strip - billed 150p netcollex ltd po box 1013 ig11 oja
ham,hmmmkbut want change field quickly da-)i wanna get system administrator network administrator
ham,thank much skyped wit kz sura didnt get pleasure company hope good weve given ultimatum oh countin aburo enjoy message sent day ago
ham,dai &lt#&gt naal eruku
ham,sorryin meeting ill call later
ham,aight time want come
ham,dont think u got think use got good ni8
ham,sorry ill call later
ham,jay getting really impatient belligerent
ham,headin towards busetop
ham,sch neva mind u eat 1st lor
ham,always celebrate ny family
ham,got gas money chance gang want go grand nature adventure
ham,stop wondering wow ever going stop tming tm whenever want mine *laughs*
ham,come get b quite diff guess rite
ham,boooo always work quit
ham,say slowly godi love &amp need youclean heart bloodsend ten special people &amp u c miracle tomorrow itplspls
ham,tunji hows queen wishing great day abiola
ham,life mean lot love life love people life world call friend call world-) ge-)
ham,keep seeing weird shit bein woah realising actually reasonable im oh
ham,tell pa pain de
ham,road cant txt
ham,somebody go andros steal ice
ham,yeah there barely enough room two u x many fucking shoe sorry man see later
ham,happy valentine day know early hundred handsomes beauty wish thought finish aunty uncle 1st
ham,good afternoon love go day hope maybe got lead job think boytoy send passionate kiss across sea
ham,merry christmas u annie
ham,opinion 1 2 jada 3 kusruthi 4 lovable 5 silent 6 spl character 7 matured 8 stylish 9 simple pls reply
ham,k sent
ham,still area restaurant ill try come back soon
ham,felt sonot conveying reason ese
ham,tee hee lecture cheery bye bye
spam,thanks ringtone order reference t91 charged gbp 4 per week unsubscribe anytime calling customer service 09057039994
ham,happy birthday may ur dream come true
spam,shop till u drop either 10k 5k 500 cash 100 travel voucher call 09064011000 ntt po box cr01327bt fixedline cost 150ppm mobile vary
ham,ok lor
ham,im office da)where
ham,well welp sort semiobscure internet thing
ham,yes da plm ur office
ham,home always chat
ham,therell minor shindig place later tonight interested
ham,lol alright thinkin haha
ham,dun cut short leh u dun like ah failed shes quite sad
spam,t-mobile customer may claim free camera phone upgrade & pay & go sim card loyalty call 0845 021 3680offer end 28thfebt&cs apply
ham,tell shola please go college medicine visit academic department tell academic secretary current situation ask transfer ask someone check sagamu thing lautech vital completes medical education nigeria le expensive much le expensive unless getting citizen rate new zealand
ham,hurt tease make cry end life die plz keep one rose grave say stupid miss u nice day bslvyl
ham,problem baby good time talk called left message
ham,many time lose best one bcoz
ham,black shirt n blue jean thk c ü
ham,still looking job much ta earn
ham,meet ü 5 4 depends ü wan 2 lor
ham,tomorrow going theatre come wherever u call tell come tomorrow
ham,ok knackered came home went sleep good full time work lark
ham,fun fact although would think armand would eventually build tolerance shit considering much smoke get fucked like 2 hit
ham,u coming back 4 dinner rite dad ask confirm wif u
ham,e best 4 ur driving tmr -)
ham,cant pick phone right pls send message
ham,bishan lar nearer need buy early co buy gotta park car
ham,ive sent wife text buy shell tell relax go get wkend
ham,youre sure im trying make xavier smoke dont want smoke told smoke much
ham,mmmm cant wait lick
ham,hey happened u switch ur cell whole day isnt good u care give call tomorrow
ham,u laugh really loud u talk spontaneously u dont care others feel u probably dear &amp best friend goodevening dear)
ham,going sao mu today done 12
ham,try something dear read something exam
ham,went ur hon lab one
ham,okie
ham,good night dear sleepwell&amptake care
ham,got * thing may * pub later
ham,hello per request &lt#&gt rs5 transfered
ham,aah cuddle would lush id need lot tea soup kind fumbling
ham,ya toldshe asking wats matter
ham,who say hi drugdealer
ham,dear - mood cant drive brother drive
ham,hmm many unfortunately pic obviously arent hot cake kinda fun tho
ham,sun cant come earth send luv ray cloud cant come river send luv rain cant come meet u send care msg u gud evng
ham,coming day class
ham,im really really broke oh amount small even &lt#&gt
ham,rose redred bloodblood heartheart u u send ti ur friend including u like u get back 1-u r poor relation 2-u need 1 support 3-u r frnd 2 many 4-some1 luvs u 5- some1 praying god marry u-) try
ham,sorry ill call later
ham,awww dat sweet think something nice time tonight ill probably txt u later co im lonely ( xxx
ham,ok da already planned wil pick
ham,every king cry baby every great building map imprtant u r today u wil reach tomorw gud ni8
spam,please call customer service representative freephone 0808 145 4742 9am-11pm guaranteed 1000 cash 5000 prize
ham,im smoking people use wylie smoke much justify ruining shit
ham,mmmmmmm *snuggles you* *deep contented sigh* *whispers* fucking love much barely stand
ham,sorry guess whenever get hold connection maybe hour two ill text
ham,wishing family merry x ma happy new year advance
ham,sorry man stash ran dry last night cant pick sunday
ham,dice art class 6 thru 9 ( thanks though idea time come tomorrow
spam,hi babe jordan r u im home abroad lonely text back u wanna chat xxsp visionsmscom text stop stopcost 150p 08712400603
ham,msg r time passthey silently say thinking u right also making u think least 4 moment gd ntswt drms @shesil
ham,sorry cant take call right happens r 2waxsto wat want come ill get medical insurance shell able deliver basic care im currently shopping right medical insurance give til friday morning thats ill see major person guide right insurance
ham,sorry ill call later
ham,bday real april
ham,need get
spam,gent trying contact last weekend draw show 1000 prize guaranteed call 09064012160 claim code k52 valid 12hrs 150ppm
spam,want new video phone 600 anytime network min 400 inclusive video call downloads 5 per week free deltomorrow call 08002888812 reply
ham,ya knw u vl givits ok thanks kanoanyway enjoy wit ur family wit 1st salary-)-)
spam,07732584351 - rodger burn - msg tried call reply sm free nokia mobile free camcorder please call 08000930705 delivery tomorrow
ham,alright omw gotta change order half8th
ham,god blessget good sleep deari pray
spam,ur chance win 250 wkly shopping spree txt shop 80878 ts&cs wwwtxt-2-shopcom custcare 08715705022 1x150pwk
ham,tired special
ham,reach home safe n sound liao
spam,500 new mobile 2004 must go txt nokia 89545 & collect todayfrom 1 www4-tcbiz 2optout 08718726270150gbpmtmsg18
ham,never lei v lazy got wat dat day ü send da url cant work one
ham,ok thats great thanx lot
ham,going nothing greatbye
spam,come take little time child afraid dark become teenager want stay night
ham,hey mate spoke mag people deliver end month deliver 24th sept talk later
ham,ü v fan
ham,im turning phone mom telling everyone cancer sister wont stop calling hurt talk cant put see u u get home love u
ham,usualiam fine happy &amp well)
spam,uve selected stay 1 250 top british hotel - nothing holiday valued 350 dial 08712300220 claim - national rate call bx526 sw73ss
ham,yes pretty lady like single
ham,saw messageit k da)
ham,1 cbe 2 chennai
ham,sent like
ham,got seventeen pound seven hundred ml hope ok
ham,good baby )
ham,hello love went day alright think sweet send jolt heart remind love hear screamed across sea world hear ahmad al hallaq loved owned *possessive passionate kiss*
ham,hey pple$700 $900 5 nightsexcellent location wif breakfast hamper
spam,urgent ur awarded complimentary trip eurodisinc trav aco&entry41 1000 claim txt dis 87121 186*150(morefrmmob shracomorsglsuplt)10 ls1 3aj
ham,slept thinkthis time ( &lt#&gt pm) dangerous
ham,living simple loving also simple laughing simple winning tooo simple simple difficult gud nte-
ham,always make thing bigger
ham,dont understand message
ham,princess kitty shaved natural
ham,leave de-) start prepare next-)
ham,u repeat e instruction wats e road name ur house
ham,seeing missed call dear brother gr8 day
ham,u drive lor
spam,accordingly repeat text word ok mobile phone send
spam,get garden ready summer free selection summer bulb seed worth 3350 scotsman saturday stop go2 notxtcouk
ham,ya one slow poo
ham,well done luv ya
ham,k)k)what detail want transferacc enough
ham,rushing im working im school rush go hungry
ham,come alivebetter correct good looking figure
spam,hmv bonus special 500 pound genuine hmv voucher answer 4 easy question play send hmv 86688 infowww100percent-realcom
spam,loan purpose 500 - 75000 homeowner tenant welcome previously refused still help call free 0800 1956669 text back help
ham,avatar supposed subtoitles
ham,u still painting ur wall
spam,07801543489 guaranteed latest nokia phone 40gb ipod mp3 player 500 prize txt wordcollect no83355 tc-llc ny-usa 150pmt msgrcvd18
ham,aight call youre close
ham,yes come nyc audiitions trying relocate
ham,sleeping nt feeling well
ham,yes last practice
spam,urgent mobile 07xxxxxxxxx 2000 bonus caller prize 020603 2nd attempt reach call 09066362231 asap box97n7qp 150ppm
ham,lol u trust
ham,reverse cheating mathematics
ham,damn make tonight want wait til tomorrow
ham,yeh indian nice tho kane bit shud go 4 drink sometime soon mite hav 2 go 2 da work 4 laugh soon love pete x x
spam,xmas offer latest motorola sonyericsson & nokia & free bluetooth dvd double min & 1000 txt orange call mobileupd8 08000839402 call2optout4qf2
ham,cool &lt#&gt inch long hope like big
spam,record indicate u maybe entitled 5000 pound compensation accident claim 4 free reply claim msg 2 stop txt stop
ham,whole car appreciated last two dad map reading semi argument apart thing going ok p
spam,wwwapplausestorecom monthlysubscription@50pmsg max6month t&csc web age16 2stop txt stop
ham,vote wherever heart guide
ham,jesus christ bitch im trying give drug answer fucking phone
ham,aight close still around alexs place
ham,miss call miss call khelate kintu opponenter miss call dhorte lage thats rule one great phone receiving quality win
ham,hmmm guess go 4 kb n power yoga haha dunno tahan power yoga anot thk got lo oso forgot liao
ham,go opening room til thanksgiving without upcharge
ham,waiti come &lt#&gt min)
ham,depends individual lor e hair dresser say pretty parent say look gong u kaypoh also dunno wat collecting
ham,aiyo lesson early im still sleepin haha okie u go home liao den confirm w lor
ham,yeah got 2 v apologetic n fallen actin like spoilt child got caught till 2 wont go badly cheer
ham,ive called hoping l8r malaria know miss guy miss ban big pls give love especially great day
ham,remember day
spam,100 dating service call 09064012103 box334sk38ch
spam,congratulation youve youre winner august 1000 prize draw call 09066660100 prize code 2309
ham,jordan got voted last nite
ham,people see msg think iam addicted msging wrong bcoz dont know iam addicted sweet friend bslvyl
ham,yeah sure ill leave min
ham,keep ten r shelf) buy two egg
ham,sorry ill call later
ham,jokin oni lar ü busy wun disturb ü
ham,oic co n si got lunch today dad went dunno whether 2 eat sch wat
ham,dont much image class
spam,u secret admirer looking 2 make contact u-find r*reveal think ur special-call 09058094594
ham,cute thought friendship necessary share every secret ur close frnd watever u shared true
ham,hmm dunno leh mayb bag 4 goigng dat small jus anything except perfume smth dat keep
ham,dear heroi leaving qatar tonite apt opportunitypls keep touch &ltemail&gt kerala
spam,hard live 121 chat 60pmin choose girl connect live call 09094646899 cheap chat uk biggest live service vu bcm1896wc1n3xx
spam,ringtoneking 84484
ham,hey go jazz power yoga hip hop kb yogasana
ham,think steyn surely get one wicket)
ham,hi dear call urgnt dont know whats problem dont want work problem least tell wating reply
ham,generally isnt one uncountable noun - u dictionary piece research
ham,tmr ü brin lar aiya later come n c lar mayb ü neva set properly ü got da help sheet wif ü
ham,wow didnt think common take back ur freak unless u chop off-)
spam,2nd attempt contract u week top prize either 1000 cash 200 prize call 09066361921
ham,cool text head
ham,ok im coming home
spam,customer loyalty offerthe new nokia6650 mobile 10 txtauction txt word start 81151 & get 4t&ctxt tc 150pmtmsg
ham,daily text favour time
ham,babe im answering cant see maybe youd better reboot ym got photo great
spam,chosen receive 350 award pls call claim number 09066364311 collect award selected receive valued mobile customer
ham,haha get used driving usf man know lot stoner
ham,hi happy birthday hi hi hi hi hi hi hi
ham,heard job im going wildlife talk tonight u want2come that2worzels wizzle whatever
ham,ü dun wan watch infernal affair
ham,called said him)then choose future
ham,friendship poem dear dear u r near hear dont get fear live cheer tear u r always dear gud ni8
ham,holding
ham,prob send email
ham,hows pain deary r u smiling
ham,im sorry bout last nite wasnt ur fault spouse pmt sumthin u 4give think u shldxxxx
ham,thought bout drink tap & spile seven pub gas st broad st canal ok
ham,yes obviously eggs-pert potato head speak soon
spam,money wining number 946 wot next
ham,dude makin weirdy brownie sister made awesome cooky took pic
ham,moneyas youmoney aint thinghow sha
ham,host-based idp linux system
ham,emigrated something ok maybe 530 bit hopeful
ham,shes good wondering wont say hi shes smiling coping long distance
ham,love give massage use lot baby oil fave position
spam,88800 89034 premium phone service call 08718711108
ham,hii got money da)
ham,want go perumbavoor
ham,sry cant talk phone parent
ham,petey boy whereare friendsare thekingshead come canlove nic
ham,wats ur opinion abt abt character
ham,miserable dont tell u side effect birth control massive gut wrenching cramp first 2 month didnt sleep last night
ham,notice like looking shit mirror youre turning right freak
ham,toshiba portege m100 gd
ham,didnt get hep b immunisation nigeria
ham,que pas un buen tiempo something like
ham,well there still bit left guy want tonight
ham,still game
ham,operate &lt#&gt
ham,xy trying smth u eat already havent
ham,hey going lo lesson gym
ham,lol please actually send pic right wanna see pose comb hair dryer something
ham,huh slow tot u reach long ago liao u 2 day 4 leh
ham,aight still want get money
ham,might want pull case plan spending dont much confidence derek taylor money management
ham,great getting worried know wonderful caring person like best life know u r wonderful god love
ham,love aathilove u lot
ham,carry disturbing
ham,also remember bead dont come ever
ham,happen tell truth
ham,sorry took long omw
ham,7 esplanade ü mind giving lift co got car today
ham,seriously spell name
spam,congratulation thanks good friend u 2000 xmas prize 2 claim easy call 08718726978 10p per minute bt-national-rate
ham,food
ham,search 4 happiness 1 main source unhappiness accept life way come u find happiness every moment u live
ham,wot u wanna missy
ham,dint slept afternoon
ham,sorry im free
spam,reply name address receive post week completely free accommodation various global location wwwphb1com ph08700435505150p
ham,went project centre
ham,argh 3g spotty anyway thing remember research province sterling problem-free place looked
ham,master buy bb co sale hows bf
ham,call tell infront call
ham,lovely night wake see message hope smile knowing great morning
ham,waiting call sir
ham,indian r poor india poor country say one swiss bank director say &lt#&gt lac crore indian money deposited swiss bank used taxless budget &lt#&gt yr give &lt#&gt crore job indian village delhi 4 lane road forever free power suply &lt#&gt social project every citizen get monthly &lt#&gt - &lt#&gt yr need world bank &amp imf loan think money blocked rich politician full right corrupt politician itna forward karo ki pura india padhegm
ham,btw regarding really try see anyone else 4th guy commit random dude
ham,let pool money together buy bunch lotto ticket win get &lt#&gt % u get &lt#&gt % deal
ham,hi love go day fuck morning woke dropped cell way stair seems alright *phews* miss
spam,ur awarded city break could win 200 summer shopping spree every wk txt store 88039skilgmetscs087147403231winawkage16150perwksub
ham,ill get 3 unless guy want come time sooner
ham,ive got salt rub open wound like
spam,u secret admirer reveal think u r special call 09065174042 opt reply reveal stop 150 per msg recd cust care 07821230901
ham,ü come lt 25 n pas lar
spam,mobile club choose top quality item mobile 7cfca1a
ham,know god created gap finger one made come &amp fill gap holding hand love
ham,yes trust u buy new stuff asap try
ham,26th july
ham,sense foot penis
ham,awesome think get 8th usf time tonight
ham,creepy crazy
ham,one day crab running sea shorethe wave came n cleared footprint crab crab asked frnd r u clearing beautiful footprint wave replied fox following ur footprint catch thats cleared off) frndsship never let u dwn -) gud nyt
ham,reach 9 telling dont know
ham,ah see lingo let know wot earth finished making
ham,idk im sitting stop shop parking lot right bawling eye feel like im failure everything nobody want feel like im failing
ham,shall get pouch
ham,happy birthday youdearwith lot loverakhesh nri
ham,purity friendship two smiling reading forwarded messageits smiling seeing name gud evng
ham,tomorrow onwards eve 6 3 work
ham,lol well quality aint bad aint complaining
ham,hey babe saw came online second disappeared happened
spam,urgent -call 09066649731from landline complimentary 4* ibiza holiday 10000 cash await collection sae t&cs po box 434 sk3 8wp 150ppm 18
ham,still tonight
ham,ive sent ü part
ham,special
ham,ha u jus ate honey ar sweet
ham,dont know shes getting message
ham,haha sound crazy dunno tahan anot
ham,mean website yes
spam,tried contact response offer new nokia fone camcorder hit reply call 08000930705 delivery
ham,work right
spam,jamster get free wallpaper text heart 88888 t&c apply 16 need help call 08701213186
ham,gd got free ice cream oso wan
ham,mark taking forever pick prescription pain coming back
ham,fine miss much
ham,spending new year brother family let plan meet next week ready spoiled )
ham,sure since parent working tuesday dont really need cover story
ham,objection bf coming
ham,badrith chennai)i surely pick us)no competition
ham,hard believe thing like say lie think twice saying anything
ham,seeing
ham,msg rajini come
ham,u workin overtime nigpun
ham,yes princess want make happy
ham,im working technical support )voice processnetworking field
ham,sent price mean &lt#&gt g
ham,haha awesome minute
ham,thanx 4 e brownie v nice
ham,wifehow knew time murder exactly
ham,fineabsolutly fine
ham,going write ccna exam week
ham,onum ela pa normal
ham,going film 2day da 6pm sorry da
ham,yes)here tv always available work place
ham,age hows abj
ham,jay told already
ham,fujitsu series lifebook good
ham,random saw old roomate campus graduated
ham,hey ive booked 2 lesson sun liao
ham,yupz ive oredi booked slot 4 weekend liao
ham,sorry im getting feel really bad- totally rejected kinda thing
ham,anything lor u decide
ham,knowyetunde hasnt sent money yet sent text bother sending dont involve anything shouldnt imposed anything first place apologise
ham,weird know one point
ham,hello- thanx taking call got job start monday
ham,finished work yet )
ham,sorry battery died yeah im
ham,india take lead)
ham,gud ni8 dearslp welltake careswt dreamsmuah
ham,whats happening gotten job begun registration permanent residency
ham,1 reach home call
ham,good morning boytoy hows yummy lip wheres sexy bun think crave need
ham,mmmm fuck fair know weakness *grins* *pushes knees* *exposes belly pull head it* dont forget know *wicked smile*
ham,networking technical support associate
ham,aight let know youre gonna around usf
ham,uh head dont much left
ham,time coming later
ham,im still looking car buy gone 4the driving test yet
ham,hope know im still mad
ham,oh great ill disturb talk
ham,dont make life stressfull always find time laugh may add year life surely add life ur year gud ni8swt dream
ham,ok ur typical reply
ham,none thats happening til get though
ham,check error difficulty correction
ham,stomach thru much trauma swear cant eat better lose weight
ham,whats feathery bowa something guy dont know
spam,guaranteed latest nokia phone 40gb ipod mp3 player 500 prize txt word collect 83355 ibhltd ldnw15h 150pmtmsgrcvd18
ham,well told others youd marry
spam,gr8 poly tone 4 mob direct 2u rply poly title 8007 eg poly breathe1 title crazyin sleepingwith finest ymca getzedcouk pobox365o4w45wq 300p
ham,mon okie lor haha best cheap n gd food la ex oso okie depends whether wana eat western chinese food den u prefer
ham,dude ive seeing lotta corvette lately
ham,ok lar double check wif da hair dresser already said wun cut v short said cut look nice
ham,god love limit god grace measure god power boundary may u god endless blessing always ur life gud ni8
ham,released vday shirt u put make bottom half naked instead white underwear
ham,wil &lt#&gt minute got space
ham,nan sonathaya soladha bos
spam,urgent 2nd attempt contact u 900 prize yesterday still awaiting collection claim call 09061702893
ham,way tirupur
ham,k k -)-) watch film
ham,would smoking help u work difficult time
ham,thats u haf 2 keep busy
spam,thanks ringtone order reference number x49 mobile charged 450 tone arrive please call customer service 09065989182 colourredtextcolourtxtstar
ham,reason team budget available last buy unsold player base rate
ham,good afternoon love go day sleep hope well boytoy think
spam,83039 62735450 uk break accommodationvouchers term & condition apply 2 claim mustprovide claim number 15541
ham,orh tot u say still dun believe
ham,planned yet )going join company jan 5 onlydon know happen
ham,haf u eaten wat time u wan 2 come
ham,meant apology texting get drug &lt#&gt night
ham,im lip synced shangela
ham,noe la u wana pei bf oso rite k lor day den
ham,pls help tell sura im expecting battery hont pls send message download movie thanks
ham,hi im sorry missed call pls call back
ham,alex say he ok ok
ham,ü go home liao ask dad pick 6
ham,ill see swing bit got thing take care firsg
spam,guaranteed 1000 cash 2000 prize claim yr prize call customer service representative 08714712394 10am-7pm
ham,ü wan go c doctor
ham,u goin 2nite
ham,nt driving even many reason called bbdthts chikku hw abt dvg coldheard tht vinobanagar violence hw conditionand hw ru problem
ham,somebody set website play hold em using eve online spacebucks
ham,ok thanx
ham,there someone year &lt#&gt toyota camry like mr olayiwolas mileage &lt#&gt kit clean need know much sell raise dough soon landing sell holla back
ham,right ill make appointment right
ham,please ask macho price range want something new used plus interfued blackberry bold &lt#&gt bb
spam,free entry 2 wkly comp win fa cup final tkts 21st may 2005 text fa 87121 receive entry question(std txt rate)t&cs apply 08452810075over18s
ham,come round
ham,yeah jay sort fucking retard
ham,haha heard text youre around
ham,k ill take care
ham,ok omw castor
ham,ic lotta childporn car
spam,specially selected receive 2000 pound award call 08712402050 line close cost 10ppm 16 t&cs apply ag promo
ham,aight ive set free think could text blake address occurs im quite sure im thought
ham,change window logoff sound
ham,hello yeah ive got bath need hair ill come im done yeah
ham,sorry ill call later
ham,left dessert u wan 2 go suntec look 4 u
ham,umma life vava umma love lot dear
ham,dont fret ill buy ovulation test strip send wont get til like march send postal addressull alrightokay
ham,doesnt make sense take unless free need know wikipediacom
ham,geeee miss already know think fuck cant wait till next year together *loving kiss*
ham,k come nordstrom youre done
ham,would really appreciate call need someone talk
ham,much buzy
ham,ill leave around four ok
ham,watching tv lor
ham,today sorry day ever angry ever misbehaved hurt plz plz slap urself bcoz ur fault im basically good
spam,dont prize go another customer t&c wwwt-cbiz 18 150pmin polo ltd suite 373 london w1j 6hl please call back busy
ham,got shitload diamond though
ham,also remember get dobbys bowl car
ham,happy new year no1 man
ham,dont give flying monkey wot think certainly dont mind friend mine
ham,excellent thought misundrstud frnd knw u hate bt day wen ull knw truth ull hate urself-( gn-)
spam,win urgent mobile number awarded 2000 prize guaranteed call 09061790121 land line claim 3030 valid 12hrs 150ppm
ham,hope ur head doesnt hurt 2 much ploughing way pile ironing staying chinky tonight come round like
ham,k yan jiu liao sat go 4 bugis vill one frm 10 3 den hop parco 4 nb sun go cine frm 1030 2 den hop orc mrt 4 hip hop 4
ham,7 wonder world 7th 6th ur style 5th ur smile 4th ur personality 3rd ur nature 2nd ur sm 1st ur lovely friendship good morning dear
ham,yet chikkuwat abt u
ham,k need login anything
ham,wish u feel alone
ham,reassuring crazy world
spam,great news call freefone 08006344447 claim guaranteed 1000 cash 2000 gift speak live operator
spam,warner village 83118 c colin farrell swat wkend @warner village & get 1 free med popcornjust show msgticket@kioskvalid 4-712 c t&c @kiosk reply sony 4 mre film offer
spam,wow boy r back take 2007 uk tour win vip ticket & pre-book vip club txt club 81303 trackmarque ltd info@vipclub4u
ham,dint tell anything angry told abi
ham,awesome remember last time got somebody high first time diesel v
ham,try neva mate
ham,hav almost reached call unable connect u
ham,playin space poker u
ham,well there lot thing happening lindsay new year *sighs* bar ptbo blue heron something going
ham,dont file bagi work called mei tell find anything room
ham,shes fine good hear dear happy new year oh
ham,fyi im gonna call sporadically starting like &lt#&gt bc doin shit
ham,k sure relative home sm de pls-)
ham,u come n search tat vidnot finishd
ham,thought id get watch co thats kind thing u get4an18th love much
ham,ola would get back maybe today told direct link u getting car bid online arrange shipping get cut u partnership u invest money shipping take care restuwud b self reliant soon dnt worry
ham,plan pongal
ham,ü eatin later im eatin wif frens lei ü going home first
ham,ask around there lot term mids
ham,u
ham,late said website didnt dont slipper
ham,lolnice went fish water
spam,guaranteed 1000 cash 2000 prize claim yr prize call customer service representative 08714712379 10am-7pm cost 10p
ham,lol know theyre dramatic school already closed tomorrow apparently cant drive inch snow supposed get
ham,hey * rite u put 10 evey mnth
spam,sm auction - brand new nokia 7250 4 auction today auction free 2 join & take part txt nokia 86021
ham,think two still need get cash def ready 9
ham,party place usf charge (but contribute way greatly appreciated) yeah got room one
ham,one doesnt stalk profile
ham,project pa come
ham,honeybee said *im sweetest world* god laughed &amp said *waitu havnt met person reading msg* moral even god crack joke gmgngegn)
ham,oh k)after placement ah
ham,wats dear sleeping ah
ham,account refilled successfully inr &ltdecimal&gt keralacircle prepaid account balance r &ltdecimal&gt transaction id kr &lt#&gt
ham,hiya sorry didnt hav signal havent seen heard neither unusual ill put case get sort hug snogs
ham,tyler (getting 8th) leave long 9 get like hour
ham,busy trying finish new year looking forward finally meeting
ham,ok problem u frm wats matter
ham,whatever want know rule talk earlier week start happening showing responsibility yet every week bend rule way way whatever im tired thia argument every week &lt#&gt movie doesnt inlude preview youre still getting 1
ham,u want 2 meet 2morro
ham,alright hooked guy
ham,oh right ok ill make sure load work day got really nasty cough today dry n shot really help
ham,4 taco 1 raja burrito right
ham,got xmas radio time get
ham,cant pick phone right pls send message
spam,2nd time tried 2 contact u u 750 pound prize 2 claim easy call 08718726970 10p per min bt-national-rate
ham,thts wat wright brother fly
ham,oh ya got hip hop open haha thinking go jazz zoom cine actually tonight im free leh there kb lesson tonight
ham,finish liao u
ham,funeral home audrey dad
ham,watching telugu moviewat abt u
ham,stuff sell ill tell
ham,thk shld b ya wana go 4 lesson haha go one whole stretch
ham,naughty little thought better flirt flirt n flirt rather loving someone n gettin hurt hurt n hurt-) gud nyt
ham,much would cost hire hitman
ham,going sleep tired travel
ham,read shame tell take run blame u 4 ever really 4 ever long time
ham,u ask darren go n pick u lor oso sian tmr haf 2 meet lect
ham,hey r ü still online ive finished formatting
ham,get library
ham,k make sense btw carlos difficult guy gonna smoke go pick second batch get gas
ham,oh k come tomorrow
ham,fishrman woke early mrng dark waited &amp found sack ful stone strtd throwin thm in2 sea 2 pas time atlast jus 1stone sun rose &amp found tht r nt stone diamond moraldont wake early mrng good night
ham,u turn heater heater set &lt#&gt degree
spam,500 free text msg text ok 80488 well credit account
ham,guy leaving
ham,thats fine got enough bud last night least
ham,yes fine love safe
ham,dont make ne plan nxt wknd coz want u come ok
ham,love daddy make scream pleasure going slap as dick
ham,sorry ill call later
ham,sorry ill call later
ham,reached home tired come tomorro
ham,important prevent dehydration giving enough fluid
ham,sea lay rock rock envelope envelope paper paper 3 word
spam,awarded sipix digital camera call 09061221061 landline delivery within 28days c box177 m221bp 2yr warranty 150ppm 16 p p399
ham,é $140 ardé rest ard $180 leastwhich é price 4 é 2 bedrm ($900)
ham,joy father john john ____ joy father u an th hav &lt#&gt iq ti ia question try answer
ham,sary need tim bollox &it hurt lot tol
ham,somewhere fredericksburg
ham,probably earlier station think
ham,alright ill head minute text meet
ham,go n buy juz buy get lar
ham,hey sexy bun day word morning ym -( think
ham,hungry
ham,ok sweet dream
ham,still customer place
ham,hi missed call mumhas beendropping red wine theplace adress
ham,yup hey one day fri ask miwa jiayin take leave go karaoke
ham,alright ill make sure car back tonight
spam,december mobile 11mths entitled update latest colour camera mobile free call mobile update co free 08002986906
spam,loan purpose 500 - 75000 homeowner tenant welcome previously refused still help call free 0800 1956669 text back help
ham,po de -))-)-)-) need job aha
spam,check choose babe video @ smsshsexnetun fgkslpopw fgkslpo
ham,shit really shocking scary cant imagine second def night u think somewhere could crash night save taxi
ham,life nothing wen v get everything life everything wen v miss something real value people wil realized absence gud mrng
spam,phony 350 award - today voda number ending xxxx selected receive 350 award match please call 08712300220 quoting claim code 3100 standard rate app
spam,urgent trying contact u today draw show 800 prize guaranteed call 09050000460 land line claim j89 po box245c2150pm
ham,mean u could keep ur word
spam,dear voucher holder 2 claim week offer pc go httpwwwe-tlpcoukexpressoffer ts&cs apply2 stop text txt stop 80062
spam,wanna get laid 2nite want real dogging location sent direct ur mobile join uk largest dogging network txt park 69696 nyt ec2a 3lp 150msg
ham,im late tellmiss im way
spam,customer service announcement recently tried make delivery unable please call 07099833605 re-schedule ref9280114
ham,bruce b down &amp fletcher
ham,remember hurt day satanic imposter meneed pay priceso itmay destiny keep going u said pray get mind get
ham,ok theory test ü going book think 21 may coz thought wanna go jiayin isnt free
ham,would great well guild could meet bristol road somewhere - get touch weekend plan take flight good week
spam,someone u know asked dating service 2 contact cant guess call 09058091854 revealed po box385 m6 6wu
ham,ill text creepy like wont think forgot
ham,ü mean confirmed tot juz say oni ok
ham,sorry ill call later
spam,dating service asked 2 contact u someone shy call 09058091870 revealed pobox84 m26 3uz 150p
ham,kk)how much cost
spam,someone contacted dating service entered phone fancy find call landline 09111032124 pobox12n146tf150p
ham,yeah thatd pretty much best case scenario
ham,remain unconvinced isnt elaborate test willpower
spam,please call 08712402779 immediately urgent message waiting
ham,im tired arguing week week want ill
ham,dont thnk wrong calling u
ham,ive searching right word thank breather promise wont take help granted fulfil promise wonderful blessing time
ham,coughing nothing
ham,haha yeah 2 oz kind shitload
ham,*deep sigh* miss -( really surprised havent gone net cafe yet get dont miss
ham,hello r u im bored inever thought id get bored tv tell something exciting happened anything
ham,excellent wish together right
ham,u receive msg
ham,pure hearted person wonderful smile make even hisher enemy feel guilty enemy catch world smile) goodmorning &amp smiley sunday)
ham,wan early lei outside wun b home early neva mind
ham,oh fuck juswoke bed boatin dock slept wid 25 year old spinout giv u da gossip l8r xxx
spam,18 day euro2004 kickoff u kept informed latest news result daily unsubscribe send get euro stop 83222
ham,sorry im stil fucked last nite went tobed 430 got 4 work 630
